[{"model": "mall.user", "pk": 1, "fields": {"password": "pbkdf2_sha256$100000$SNDG8UX5EfYK$pi3agxmpSu/M+lgfHCrsFqEdL6807A4/kbe29anALVI=", "last_login": "2018-04-18T02:59:15.145Z", "is_superuser": true, "username": "admin", "first_name": "", "last_name": "", "email": "", "is_staff": true, "is_active": true, "date_joined": "2018-04-18T02:43:56.856Z", "qq": "", "groups": [], "user_permissions": []}}, {"model": "mall.user", "pk": 2, "fields": {"password": "pbkdf2_sha256$100000$guQs1M8ER7Fv$ZTUlXLhzyVqSWfzleTue+qjfmcNBvAbAeB6KQdf15eU=", "last_login": "2018-04-18T03:00:01.918Z", "is_superuser": false, "username": "3b295", "first_name": "", "last_name": "", "email": "", "is_staff": false, "is_active": true, "date_joined": "2018-04-18T02:59:46.497Z", "qq": "", "groups": [], "user_permissions": []}}, {"model": "mall.user", "pk": 3, "fields": {"password": "pbkdf2_sha256$100000$dRL4QsONx2ky$pDhNojz78wlvagNG/5+br9C3bmGaLNVtUv+VWnTAWHY=", "last_login": "2018-04-18T04:29:22.132Z", "is_superuser": false, "username": "Seiyaya", "first_name": "", "last_name": "", "email": "", "is_staff": false, "is_active": true, "date_joined": "2018-04-18T04:29:08.475Z", "qq": "", "groups": [], "user_permissions": []}}, {"model": "mall.baseproductmodel", "pk": 4, "fields": {"name": "GTA", "price": "34234.00", "attr": "b''"}}, {"model": "mall.baseproductmodel", "pk": 5, "fields": {"name": "ags", "price": "342.00", "attr": "b''"}}, {"model": "mall.baseproductmodel", "pk": 6, "fields": {"name": "fdgsg", "price": "2.00", "attr": "b''"}}, {"model": "mall.baseproductmodel", "pk": 7, "fields": {"name": "4gfg", "price": "1.00", "attr": "b''"}}, {"model": "mall.baseproductmodel", "pk": 8, "fields": {"name": "dsfdf", "price": "132.00", "attr": "b''"}}, {"model": "mall.baseproductmodel", "pk": 9, "fields": {"name": "dffd", "price": "103.00", "attr": "b''"}}, {"model": "mall.baseproductmodel", "pk": 10, "fields": {"name": "213", "price": "10.00", "attr": "b''"}}, {"model": "mall.baseproductmodel", "pk": 11, "fields": {"name": "123", "price": "1.00", "attr": "b''"}}, {"model": "mall.baseproductmodel", "pk": 12, "fields": {"name": "sdf", "price": "10.00", "attr": "b''"}}, {"model": "mall.baseproductmodel", "pk": 13, "fields": {"name": "1", "price": "10.00", "attr": "b''"}}, {"model": "mall.baseproductmodel", "pk": 14, "fields": {"name": "Python", "price": "12.00", "attr": "b''"}}, {"model": "mall.baseproductmodel", "pk": 15, "fields": {"name": "Jave", "price": "29.00", "attr": "b''"}}, {"model": "mall.baseproductmodel", "pk": 16, "fields": {"name": "324", "price": "123.00", "attr": "b''"}}, {"model": "mall.baseproductmodel", "pk": 17, "fields": {"name": "1", "price": "10.00", "attr": "b''"}}, {"model": "mall.baseproductmodel", "pk": 18, "fields": {"name": "\u886c\u8863", "price": "12.00", "attr": "b'{\"baseproductmodel_ptr_id\": null, \"size\": 12, \"clothingmodel_ptr_id\": null, \"color\": \"red\"}'"}}, {"model": "mall.baseproductmodel", "pk": 19, "fields": {"name": "\u5409\u5229\u670d", "price": "314.00", "attr": "b'{\"size\": 231, \"color\": \"red\"}'"}}, {"model": "mall.baseproductmodel", "pk": 20, "fields": {"name": "\u7eff\u8863\u670d", "price": "342.00", "attr": "{\"size\": 5, \"color\": \"red\"}"}}, {"model": "mall.gamemodel", "pk": 4, "fields": {"platform": "ps4"}}, {"model": "mall.gamemodel", "pk": 5, "fields": {"platform": "switch"}}, {"model": "mall.gamemodel", "pk": 6, "fields": {"platform": "xbox"}}, {"model": "mall.gamemodel", "pk": 7, "fields": {"platform": "ps4"}}, {"model": "mall.gamemodel", "pk": 8, "fields": {"platform": "ps4"}}, {"model": "mall.gamemodel", "pk": 10, "fields": {"platform": ""}}, {"model": "mall.clothingmodel", "pk": 9, "fields": {"size": 1}}, {"model": "mall.clothingmodel", "pk": 11, "fields": {"size": 12}}, {"model": "mall.clothingmodel", "pk": 12, "fields": {"size": 1}}, {"model": "mall.clothingmodel", "pk": 13, "fields": {"size": 1}}, {"model": "mall.clothingmodel", "pk": 16, "fields": {"size": 12312}}, {"model": "mall.clothingmodel", "pk": 17, "fields": {"size": 10}}, {"model": "mall.clothingmodel", "pk": 18, "fields": {"size": 12}}, {"model": "mall.clothingmodel", "pk": 19, "fields": {"size": 231}}, {"model": "mall.clothingmodel", "pk": 20, "fields": {"size": 5}}, {"model": "mall.costmodel", "pk": 9, "fields": {"color": "rides"}}, {"model": "mall.costmodel", "pk": 11, "fields": {"color": ""}}, {"model": "mall.costmodel", "pk": 12, "fields": {"color": "red"}}, {"model": "mall.costmodel", "pk": 13, "fields": {"color": ""}}, {"model": "mall.costmodel", "pk": 16, "fields": {"color": "123123"}}, {"model": "mall.costmodel", "pk": 17, "fields": {"color": ""}}, {"model": "mall.costmodel", "pk": 18, "fields": {"color": "red"}}, {"model": "mall.costmodel", "pk": 19, "fields": {"color": "red"}}, {"model": "mall.costmodel", "pk": 20, "fields": {"color": "red"}}, {"model": "mall.bookmodel", "pk": 14, "fields": {"publisher": "dsfsd f"}}, {"model": "mall.bookmodel", "pk": 15, "fields": {"publisher": "dsfdasf"}}, {"model": "mall.categorymodel", "pk": 1, "fields": {"name": "game", "product": 10}}, {"model": "mall.categorymodel", "pk": 2, "fields": {"name": "Cost", "product": 11}}, {"model": "mall.categorymodel", "pk": 3, "fields": {"name": "all", "product": 13}}, {"model": "mall.categorymodel", "pk": 4, "fields": {"name": "Clothing", "product": 13}}, {"model": "mall.categorymodel", "pk": 5, "fields": {"name": "Cost", "product": 5}}, {"model": "mall.categorymodel", "pk": 6, "fields": {"name": "all", "product": 14}}, {"model": "mall.categorymodel", "pk": 7, "fields": {"name": "book", "product": 14}}, {"model": "mall.categorymodel", "pk": 8, "fields": {"name": "all", "product": 15}}, {"model": "mall.categorymodel", "pk": 9, "fields": {"name": "book", "product": 15}}, {"model": "mall.categorymodel", "pk": 10, "fields": {"name": "all", "product": 16}}, {"model": "mall.categorymodel", "pk": 11, "fields": {"name": "clothing", "product": 16}}, {"model": "mall.categorymodel", "pk": 12, "fields": {"name": "cost", "product": 16}}, {"model": "mall.categorymodel", "pk": 13, "fields": {"name": "all", "product": 17}}, {"model": "mall.categorymodel", "pk": 14, "fields": {"name": "clothing", "product": 17}}, {"model": "mall.categorymodel", "pk": 15, "fields": {"name": "cost", "product": 17}}, {"model": "mall.categorymodel", "pk": 16, "fields": {"name": "all", "product": 18}}, {"model": "mall.categorymodel", "pk": 17, "fields": {"name": "clothing", "product": 18}}, {"model": "mall.categorymodel", "pk": 18, "fields": {"name": "cost", "product": 18}}, {"model": "mall.categorymodel", "pk": 19, "fields": {"name": "all", "product": 19}}, {"model": "mall.categorymodel", "pk": 20, "fields": {"name": "clothing", "product": 19}}, {"model": "mall.categorymodel", "pk": 21, "fields": {"name": "cost", "product": 19}}, {"model": "mall.categorymodel", "pk": 22, "fields": {"name": "all", "product": 20}}, {"model": "mall.categorymodel", "pk": 23, "fields": {"name": "clothing", "product": 20}}, {"model": "mall.categorymodel", "pk": 24, "fields": {"name": "cost", "product": 20}}, {"model": "mall.ordermodel", "pk": 1, "fields": {"owner": 3, "timestamp": "2018-04-18T08:13:28.107Z", "address": "sdkfjlkdsf", "phone_number": "24323423412"}}, {"model": "mall.ordermodel", "pk": 2, "fields": {"owner": 3, "timestamp": "2018-04-18T08:53:14.796Z", "address": "sdfd", "phone_number": "2213"}}, {"model": "mall.ordermodel", "pk": 3, "fields": {"owner": 3, "timestamp": "2018-04-18T08:54:53.834Z", "address": "123213", "phone_number": "123123"}}, {"model": "mall.ordermodel", "pk": 4, "fields": {"owner": 3, "timestamp": "2018-04-18T08:59:36.316Z", "address": "3sdf", "phone_number": "213123"}}, {"model": "mall.ordermodel", "pk": 5, "fields": {"owner": 3, "timestamp": "2018-04-18T09:00:49.776Z", "address": "32432424", "phone_number": "313124213"}}, {"model": "mall.ordermodel", "pk": 6, "fields": {"owner": 3, "timestamp": "2018-04-18T09:02:56.155Z", "address": "\u963f\u8428\u5fb7", "phone_number": "34234"}}, {"model": "mall.ordermodel", "pk": 7, "fields": {"owner": 3, "timestamp": "2018-04-18T09:04:38.324Z", "address": "\u5565\u7684", "phone_number": "3424"}}, {"model": "mall.ordermodel", "pk": 8, "fields": {"owner": 3, "timestamp": "2018-04-18T09:05:29.816Z", "address": "\u5565\u7684", "phone_number": "3424"}}, {"model": "mall.ordermodel", "pk": 9, "fields": {"owner": 3, "timestamp": "2018-04-18T09:05:41.703Z", "address": "\u5927\u5e08\u5085", "phone_number": "324324"}}, {"model": "mall.ordermodel", "pk": 10, "fields": {"owner": 3, "timestamp": "2018-04-18T09:06:15.034Z", "address": "\u6c34\u7535\u8d39\u7b2c\u4e09\u65b9", "phone_number": "342432"}}, {"model": "mall.ordermodel", "pk": 11, "fields": {"owner": 3, "timestamp": "2018-04-18T09:08:24.401Z", "address": "324324", "phone_number": "3432423"}}, {"model": "mall.ordermodel", "pk": 12, "fields": {"owner": 3, "timestamp": "2018-04-18T09:10:23.134Z", "address": "324324", "phone_number": "3432423"}}, {"model": "mall.ordermodel", "pk": 13, "fields": {"owner": 1, "timestamp": "2018-04-18T09:12:27.469Z", "address": "", "phone_number": ""}}, {"model": "mall.ordermodel", "pk": 14, "fields": {"owner": 3, "timestamp": "2018-04-18T09:12:40.442Z", "address": "324324", "phone_number": "3432423"}}, {"model": "mall.ordermodel", "pk": 15, "fields": {"owner": 3, "timestamp": "2018-04-18T09:13:10.746Z", "address": "324324", "phone_number": "3432423"}}, {"model": "mall.ordermodel", "pk": 16, "fields": {"owner": 3, "timestamp": "2018-04-18T09:17:54.532Z", "address": "24324", "phone_number": "324324"}}, {"model": "mall.ordermodel", "pk": 17, "fields": {"owner": 3, "timestamp": "2018-04-18T09:20:10.681Z", "address": "fffff", "phone_number": "0980980"}}, {"model": "mall.ordermodel", "pk": 18, "fields": {"owner": 3, "timestamp": "2018-04-18T09:22:47.368Z", "address": "fffff", "phone_number": "0980980"}}, {"model": "mall.ordermap", "pk": 1, "fields": {"order": 1, "product": 18, "real_price": "122.00", "numbers": 2}}, {"model": "mall.ordermap", "pk": 2, "fields": {"order": 4, "product": 5, "real_price": "342.00", "numbers": 2}}, {"model": "mall.ordermap", "pk": 3, "fields": {"order": 4, "product": 7, "real_price": "1.00", "numbers": 1}}, {"model": "mall.ordermap", "pk": 4, "fields": {"order": 15, "product": 18, "real_price": "12.00", "numbers": 1}}, {"model": "mall.ordermap", "pk": 5, "fields": {"order": 16, "product": 19, "real_price": "314.00", "numbers": 324}}, {"model": "mall.ordermap", "pk": 6, "fields": {"order": 17, "product": 16, "real_price": "123.00", "numbers": 342}}, {"model": "mall.ordermap", "pk": 7, "fields": {"order": 18, "product": 18, "real_price": "12.00", "numbers": 324}}, {"model": "mall.shoppingcartmodel", "pk": 11, "fields": {"owner": 3, "product": 4, "numbers": 1, "is_active": false}}, {"model": "mall.shoppingcartmodel", "pk": 13, "fields": {"owner": 3, "product": 6, "numbers": 2, "is_active": false}}]